1500, 0.072640, -0.247009, -0.493494, 0.556620
1500, 0.072815, -0.247194, -0.493717, 0.556923
1500, 0.073056, -0.246819, -0.493482, 0.556580
1500, 0.073438, -0.246787, -0.493536, 0.556664
1500, 0.073529, -0.246873, -0.493244, 0.556455
1500, 0.073190, -0.246888, -0.493586, 0.556720
1500, 0.073163, -0.246849, -0.493733, 0.556830
1500, 0.073141, -0.246787, -0.493496, 0.556589
1500, 0.073020, -0.247107, -0.493756, 0.556946
1500, 0.073087, -0.247471, -0.493635, 0.557009
1500, 0.072700, -0.247438, -0.493505, 0.556829
1500, 0.072669, -0.247233, -0.493017, 0.556301
1500, 0.072873, -0.247310, -0.493137, 0.556469
1500, 0.073070, -0.247128, -0.493103, 0.556383
1500, 0.072845, -0.246853, -0.493030, 0.556167
1500, 0.073013, -0.246861, -0.493021, 0.556185
1500, 0.072895, -0.246871, -0.493332, 0.556449
1500, 0.073059, -0.246713, -0.493399, 0.556460
1500, 0.073159, -0.246688, -0.493379, 0.556444
1500, 0.072995, -0.246886, -0.493298, 0.556439
1500, 0.073012, -0.247095, -0.493153, 0.556405
1500, 0.072872, -0.247126, -0.493259, 0.556494
1500, 0.072930, -0.247060, -0.493395, 0.556593
1500, 0.072993, -0.247331, -0.493718, 0.557008
1500, 0.072977, -0.247372, -0.493717, 0.557023
1500, 0.073229, -0.247247, -0.493681, 0.556969
1500, 0.072989, -0.247290, -0.493566, 0.556855
1500, 0.072863, -0.247142, -0.493600, 0.556802
1500, 0.072732, -0.247226, -0.493627, 0.556846
1500, 0.072722, -0.247044, -0.493321, 0.556494
1500, 0.072258, -0.246947, -0.493117, 0.556209
1500, 0.072529, -0.246733, -0.493253, 0.556270
1500, 0.072506, -0.246875, -0.493291, 0.556364
1500, 0.072220, -0.246909, -0.493306, 0.556355
1500, 0.072354, -0.246840, -0.493375, 0.556402
1500, 0.072275, -0.246987, -0.493134, 0.556244
1500, 0.072779, -0.246963, -0.493211, 0.556367
1500, 0.072789, -0.246695, -0.493509, 0.556514
1500, 0.072667, -0.246685, -0.493777, 0.556731
1500, 0.072671, -0.246903, -0.493860, 0.556902
1525, 0.060046, -0.276125, -0.496402, 0.571197
1525, 0.061109, -0.275731, -0.496734, 0.571408
1525, 0.059869, -0.273311, -0.496587, 0.569985
1525, 0.059302, -0.275625, -0.496985, 0.571384
1525, 0.060696, -0.276559, -0.496946, 0.571948
1525, 0.060308, -0.273671, -0.496312, 0.569963
1525, 0.059187, -0.274413, -0.496589, 0.570443
1525, 0.060891, -0.276825, -0.496926, 0.572080
1525, 0.061235, -0.275157, -0.496797, 0.571199
1525, 0.059571, -0.273489, -0.496570, 0.570023
1525, 0.060652, -0.275912, -0.496787, 0.571492
1525, 0.061894, -0.274388, -0.496556, 0.570690
1525, 0.060182, -0.273093, -0.496505, 0.569841
1525, 0.059980, -0.275502, -0.496919, 0.571338
1525, 0.061554, -0.275060, -0.496890, 0.571268
1525, 0.060678, -0.272975, -0.496763, 0.570062
1525, 0.059826, -0.274959, -0.496688, 0.570859
1525, 0.061085, -0.275605, -0.496779, 0.571383
1525, 0.060844, -0.273183, -0.496502, 0.569952
1525, 0.059584, -0.274510, -0.496426, 0.570390
1525, 0.060669, -0.276853, -0.496900, 0.572047
1525, 0.061160, -0.273658, -0.496301, 0.570038
1525, 0.059208, -0.273263, -0.496265, 0.569611
1525, 0.060521, -0.276579, -0.496848, 0.571854
1525, 0.061657, -0.274880, -0.496396, 0.570762
1525, 0.059876, -0.273098, -0.496155, 0.569507
1525, 0.059970, -0.275848, -0.496467, 0.571111
1525, 0.061622, -0.276017, -0.496583, 0.571470
1525, 0.060085, -0.273588, -0.496377, 0.569957
1525, 0.058749, -0.274902, -0.496812, 0.570828
1525, 0.060658, -0.276823, -0.497003, 0.572121
1525, 0.061010, -0.275139, -0.496670, 0.571056
1525, 0.059202, -0.274530, -0.496331, 0.570278
1525, 0.060425, -0.276689, -0.496587, 0.571670
1525, 0.061225, -0.274496, -0.496285, 0.570434
1525, 0.059808, -0.273958, -0.496317, 0.570053
1525, 0.060310, -0.276681, -0.496786, 0.571827
1525, 0.061472, -0.275251, -0.496652, 0.571144
1525, 0.059941, -0.273296, -0.496075, 0.569539
1525, 0.060083, -0.275947, -0.496145, 0.570891
1550, 0.060557, -0.276311, -0.496277, 0.571231
1550, 0.061155, -0.276237, -0.496182, 0.571177
1550, 0.060981, -0.276471, -0.496268, 0.571347
1550, 0.061328, -0.276257, -0.496041, 0.571083
1550, 0.061340, -0.276218, -0.496238, 0.571236
1550, 0.061303, -0.275944, -0.496172, 0.571043
1550, 0.061200, -0.275643, -0.496234, 0.570940
1550, 0.061123, -0.276257, -0.496101, 0.571113
1550, 0.061166, -0.275768, -0.495958, 0.570757
1550, 0.061383, -0.275688, -0.495849, 0.570647
1550, 0.061312, -0.275686, -0.495838, 0.570629
1550, 0.061205, -0.275682, -0.495686, 0.570483
1550, 0.060994, -0.276488, -0.495579, 0.570758
1550, 0.061085, -0.275260, -0.495508, 0.570112
1550, 0.061291, -0.275228, -0.495605, 0.570203
1550, 0.061236, -0.275139, -0.495626, 0.570172
1550, 0.060990, -0.274946, -0.495692, 0.570110
1550, 0.061170, -0.275156, -0.495937, 0.570443
1550, 0.060940, -0.275309, -0.496062, 0.570602
1550, 0.061100, -0.274939, -0.496073, 0.570450
1550, 0.060920, -0.275007, -0.495868, 0.570285
1550, 0.060824, -0.275370, -0.496059, 0.570616
1550, 0.060816, -0.275071, -0.495925, 0.570354
1550, 0.060810, -0.275014, -0.496248, 0.570607
1550, 0.061045, -0.274347, -0.496031, 0.570123
1550, 0.061027, -0.274576, -0.496079, 0.570273
1550, 0.061263, -0.274400, -0.496178, 0.570299
1550, 0.061028, -0.274335, -0.496081, 0.570158
1550, 0.060925, -0.274418, -0.496110, 0.570212
1550, 0.061032, -0.274077, -0.495914, 0.569889
1550, 0.060795, -0.274427, -0.495819, 0.569950
1550, 0.060479, -0.274865, -0.495973, 0.570261
1550, 0.060673, -0.274637, -0.496105, 0.570286
1550, 0.060520, -0.274732, -0.496210, 0.570408
1550, 0.060211, -0.274495, -0.496183, 0.570237
1550, 0.060397, -0.274854, -0.496080, 0.570340
1550, 0.060317, -0.274802, -0.495737, 0.570008
1550, 0.060466, -0.274961, -0.495508, 0.569901
1550, 0.060093, -0.275196, -0.495945, 0.570356
1550, 0.060104, -0.275114, -0.495991, 0.570358
1575, 0.060612, -0.276633, -0.496086, 0.571227
1575, 0.061596, -0.276052, -0.495962, 0.570944
1575, 0.061738, -0.277219, -0.495949, 0.571514
1575, 0.061839, -0.276187, -0.496270, 0.571303
1575, 0.061756, -0.276789, -0.496145, 0.571477
1575, 0.061094, -0.276795, -0.496171, 0.571431
1575, 0.061385, -0.275806, -0.496085, 0.570909
1575, 0.061875, -0.276415, -0.496178, 0.571337
1575, 0.061121, -0.276396, -0.496197, 0.571264
1575, 0.061505, -0.275567, -0.495854, 0.570606
1575, 0.061315, -0.276518, -0.495994, 0.571167
1575, 0.061179, -0.275080, -0.495668, 0.570174
1575, 0.061796, -0.276706, -0.495999, 0.571314
1575, 0.060953, -0.276386, -0.496211, 0.571253
1575, 0.061827, -0.275114, -0.495794, 0.570370
1575, 0.061895, -0.276056, -0.496127, 0.571122
1575, 0.061962, -0.274962, -0.496123, 0.570597
1575, 0.061930, -0.275514, -0.496461, 0.571154
1575, 0.061339, -0.276515, -0.496289, 0.571424
1575, 0.061169, -0.275022, -0.496032, 0.570462
1575, 0.061795, -0.275784, -0.496166, 0.571014
1575, 0.061088, -0.276310, -0.495866, 0.570931
1575, 0.062003, -0.275726, -0.495940, 0.570812
1575, 0.061878, -0.277367, -0.496165, 0.571788
1575, 0.060737, -0.275868, -0.495963, 0.570764
1575, 0.061537, -0.275765, -0.495592, 0.570478
1575, 0.061130, -0.277176, -0.495966, 0.571442
1575, 0.061449, -0.275726, -0.495748, 0.570585
1575, 0.062122, -0.277030, -0.495675, 0.571226
1575, 0.061237, -0.276128, -0.495661, 0.570681
1575, 0.061964, -0.275987, -0.495769, 0.570785
1575, 0.061815, -0.277080, -0.496192, 0.571665
1575, 0.061403, -0.276179, -0.496186, 0.571180
1575, 0.061826, -0.275803, -0.495785, 0.570694
1575, 0.061275, -0.276421, -0.495824, 0.570968
1575, 0.060965, -0.275463, -0.496203, 0.570801
1575, 0.061883, -0.276841, -0.496451, 0.571781
1575, 0.060838, -0.276647, -0.496016, 0.571197
1575, 0.061043, -0.275711, -0.496024, 0.570774
1575, 0.060866, -0.276901, -0.496071, 0.571372
1600, 0.061799, -0.277266, -0.496241, 0.571797
1600, 0.061730, -0.277184, -0.496567, 0.572032
1600, 0.062016, -0.276625, -0.496265, 0.571530
1600, 0.062424, -0.277012, -0.496201, 0.571706
1600, 0.061917, -0.276753, -0.496095, 0.571434
1600, 0.061893, -0.276172, -0.496101, 0.571155
1600, 0.061615, -0.276471, -0.496063, 0.571236
1600, 0.062219, -0.277222, -0.496365, 0.571927
1600, 0.062500, -0.278077, -0.496429, 0.572429
1600, 0.062643, -0.277911, -0.496485, 0.572412
1600, 0.063282, -0.277777, -0.496516, 0.572445
1600, 0.063021, -0.276940, -0.496345, 0.571862
1600, 0.062337, -0.276642, -0.496129, 0.571455
1600, 0.061671, -0.277186, -0.496113, 0.571632
1600, 0.062166, -0.277220, -0.496315, 0.571878
1600, 0.062241, -0.277242, -0.496223, 0.571817
1600, 0.062456, -0.276748, -0.496274, 0.571645
1600, 0.062172, -0.276752, -0.496462, 0.571779
1600, 0.061862, -0.276815, -0.496622, 0.571915
1600, 0.062442, -0.276765, -0.496326, 0.571697
1600, 0.062506, -0.276573, -0.496292, 0.571581
1600, 0.061743, -0.276554, -0.495955, 0.571197
1600, 0.062661, -0.276546, -0.495899, 0.571244
1600, 0.062481, -0.276588, -0.496027, 0.571355
1600, 0.062835, -0.277113, -0.496226, 0.571821
1600, 0.062967, -0.277532, -0.496315, 0.572116
1600, 0.063068, -0.276360, -0.496077, 0.571353
1600, 0.062819, -0.275711, -0.495794, 0.570766
1600, 0.062408, -0.276107, -0.495795, 0.570913
1600, 0.062532, -0.276774, -0.495811, 0.571264
1600, 0.062108, -0.276704, -0.495958, 0.571311
1600, 0.062469, -0.277265, -0.495963, 0.571627
1600, 0.062723, -0.277093, -0.496213, 0.571788
1600, 0.062606, -0.276489, -0.496044, 0.571337
1600, 0.062274, -0.276516, -0.495926, 0.571211
1600, 0.062750, -0.276513, -0.495893, 0.571233
1600, 0.062619, -0.277268, -0.496279, 0.571919
1600, 0.062453, -0.277431, -0.496122, 0.571844
1600, 0.063131, -0.277730, -0.496359, 0.572269
1600, 0.063047, -0.277062, -0.496174, 0.571775
1625, 0.061560, -0.274658, -0.495958, 0.570264
1625, 0.062007, -0.278156, -0.496336, 0.572333
1625, 0.061581, -0.280311, -0.496306, 0.573312
1625, 0.062911, -0.280466, -0.496256, 0.573488
1625, 0.064600, -0.280378, -0.496266, 0.573642
1625, 0.065617, -0.278802, -0.496077, 0.572825
1625, 0.065570, -0.277237, -0.495849, 0.571862
1625, 0.063629, -0.276333, -0.495862, 0.571215
1625, 0.061864, -0.276412, -0.495929, 0.571119
1625, 0.062746, -0.278388, -0.496150, 0.572365
1625, 0.063946, -0.279354, -0.496005, 0.572842
1625, 0.064556, -0.277040, -0.495578, 0.571416
1625, 0.063013, -0.276193, -0.495574, 0.570830
1625, 0.061281, -0.275877, -0.495579, 0.570493
1625, 0.061878, -0.277452, -0.496116, 0.571786
1625, 0.062827, -0.280226, -0.496258, 0.573363
1625, 0.064154, -0.279010, -0.496148, 0.572822
1625, 0.064004, -0.277683, -0.496182, 0.572190
1625, 0.062201, -0.275836, -0.496060, 0.570991
1625, 0.061698, -0.276069, -0.495923, 0.570930
1625, 0.062308, -0.279267, -0.496179, 0.572770
1625, 0.063569, -0.281070, -0.496014, 0.573647
1625, 0.064815, -0.280233, -0.495992, 0.573358
1625, 0.065687, -0.279039, -0.495904, 0.572799
1625, 0.065796, -0.275654, -0.495697, 0.570991
1625, 0.066562, -0.275262, -0.495834, 0.571009
1625, 0.065641, -0.274069, -0.495840, 0.570333
1625, 0.063675, -0.274600, -0.495891, 0.570410
1625, 0.062649, -0.276517, -0.496158, 0.571454
1625, 0.062310, -0.277579, -0.496164, 0.571936
1625, 0.064825, -0.279094, -0.496272, 0.573046
1625, 0.065733, -0.278424, -0.496049, 0.572630
1625, 0.064350, -0.275360, -0.495887, 0.570848
1625, 0.062635, -0.276619, -0.496005, 0.571368
1625, 0.061653, -0.278720, -0.495727, 0.572041
1625, 0.063293, -0.279903, -0.496094, 0.573116
1625, 0.064765, -0.280844, -0.496214, 0.573843
1625, 0.064948, -0.278464, -0.495948, 0.572472
1625, 0.063901, -0.276559, -0.495970, 0.571450
1625, 0.062290, -0.277819, -0.496335, 0.572199
1650, 0.064161, -0.278852, -0.496323, 0.572897
1650, 0.064729, -0.280713, -0.496191, 0.573755
1650, 0.064757, -0.279283, -0.495969, 0.572868
1650, 0.065032, -0.278488, -0.495921, 0.572470
1650, 0.065251, -0.279205, -0.495958, 0.572876
1650, 0.064873, -0.279634, -0.496042, 0.573116
1650, 0.065571, -0.278509, -0.496114, 0.572709
1650, 0.065728, -0.278609, -0.496032, 0.572705
1650, 0.064723, -0.278037, -0.495953, 0.572243
1650, 0.064566, -0.278857, -0.496026, 0.572688
1650, 0.065227, -0.278286, -0.496127, 0.572573
1650, 0.065257, -0.277613, -0.495934, 0.572082
1650, 0.065018, -0.277527, -0.495556, 0.571686
1650, 0.064121, -0.278629, -0.495673, 0.572222
1650, 0.065165, -0.278751, -0.495777, 0.572489
1650, 0.065204, -0.279561, -0.495395, 0.572557
1650, 0.064723, -0.279195, -0.495613, 0.572513
1650, 0.064841, -0.278963, -0.495677, 0.572468
1650, 0.065804, -0.279724, -0.495837, 0.573088
1650, 0.065422, -0.279902, -0.495998, 0.573271
1650, 0.065212, -0.278112, -0.495451, 0.571901
1650, 0.065435, -0.278723, -0.495766, 0.572496
1650, 0.065647, -0.279652, -0.495929, 0.573115
1650, 0.065596, -0.278622, -0.495865, 0.572552
1650, 0.066146, -0.278291, -0.495490, 0.572129
1650, 0.065215, -0.278016, -0.495607, 0.571990
1650, 0.064882, -0.278507, -0.495742, 0.572308
1650, 0.065284, -0.278369, -0.495386, 0.571977
1650, 0.065603, -0.278261, -0.495764, 0.572289
1650, 0.065185, -0.277244, -0.495731, 0.571719
1650, 0.064867, -0.278428, -0.495858, 0.572368
1650, 0.064800, -0.278475, -0.496004, 0.572509
1650, 0.065215, -0.278581, -0.495692, 0.572338
1650, 0.064970, -0.278618, -0.495524, 0.572183
1650, 0.064719, -0.278345, -0.495530, 0.572026
1650, 0.065568, -0.279271, -0.495866, 0.572865
1650, 0.065258, -0.279165, -0.495788, 0.572710
1650, 0.065348, -0.277931, -0.495583, 0.571943
1650, 0.065074, -0.278292, -0.495534, 0.572045
1650, 0.064849, -0.279703, -0.495569, 0.572737
1675, 0.066299, -0.279179, -0.495828, 0.572872
1675, 0.066795, -0.279439, -0.495458, 0.572736
1675, 0.066873, -0.278743, -0.495520, 0.572460
1675, 0.066938, -0.280019, -0.496352, 0.573809
1675, 0.066800, -0.280264, -0.495981, 0.573592
1675, 0.066410, -0.280613, -0.495913, 0.573658
1675, 0.066031, -0.279235, -0.495756, 0.572806
1675, 0.066212, -0.280403, -0.495636, 0.573293
1675, 0.065888, -0.279073, -0.495432, 0.572430
1675, 0.067117, -0.280001, -0.495584, 0.573156
1675, 0.066884, -0.280190, -0.495784, 0.573395
1675, 0.066909, -0.280567, -0.495923, 0.573702
1675, 0.066665, -0.280617, -0.495843, 0.573630
1675, 0.066548, -0.280422, -0.495958, 0.573620
1675, 0.066600, -0.280053, -0.496012, 0.573492
1675, 0.066330, -0.279964, -0.496058, 0.573457
1675, 0.067154, -0.280085, -0.496007, 0.573568
1675, 0.067483, -0.281082, -0.495821, 0.573933
1675, 0.067343, -0.280882, -0.495954, 0.573934
1675, 0.067402, -0.281146, -0.496156, 0.574245
1675, 0.066571, -0.281027, -0.496116, 0.574055
1675, 0.066732, -0.280028, -0.495585, 0.573126
1675, 0.067197, -0.279470, -0.495491, 0.572827
1675, 0.067282, -0.279325, -0.495931, 0.573147
1675, 0.067856, -0.279571, -0.495698, 0.573132
1675, 0.067461, -0.280157, -0.495900, 0.573547
1675, 0.067110, -0.280443, -0.495884, 0.573631
1675, 0.067017, -0.280612, -0.496041, 0.573839
1675, 0.066484, -0.280339, -0.495984, 0.573594
1675, 0.066603, -0.279342, -0.495609, 0.572797
1675, 0.067046, -0.280319, -0.495645, 0.573356
1675, 0.067362, -0.279542, -0.495729, 0.573087
1675, 0.067458, -0.281425, -0.496139, 0.574373
1675, 0.067331, -0.280908, -0.495832, 0.573840
1675, 0.066505, -0.280581, -0.495887, 0.573631
1675, 0.066986, -0.279792, -0.495787, 0.573214
1675, 0.066123, -0.279011, -0.495510, 0.572494
1675, 0.067402, -0.280012, -0.495712, 0.573306
1675, 0.066765, -0.279730, -0.495819, 0.573186
1675, 0.067354, -0.280875, -0.495825, 0.573820
1700, 0.065792, -0.278745, -0.495660, 0.572457
1700, 0.065954, -0.280628, -0.496270, 0.573922
1700, 0.066140, -0.283958, -0.496358, 0.575654
1700, 0.068349, -0.285885, -0.496363, 0.576869
1700, 0.069015, -0.284906, -0.496433, 0.576524
1700, 0.070335, -0.285901, -0.496532, 0.577261
1700, 0.071741, -0.283400, -0.496474, 0.576150
1700, 0.072363, -0.283835, -0.496230, 0.576232
1700, 0.073967, -0.284633, -0.496364, 0.576944
1700, 0.073554, -0.284280, -0.496556, 0.576883
1700, 0.071778, -0.286417, -0.496327, 0.577518
1700, 0.071327, -0.286661, -0.496163, 0.577442
1700, 0.070773, -0.287720, -0.496419, 0.578121
1700, 0.070197, -0.288159, -0.496574, 0.578402
1700, 0.068445, -0.287550, -0.496278, 0.577635
1700, 0.067720, -0.287482, -0.496123, 0.577382
1700, 0.067011, -0.285337, -0.495905, 0.576046
1700, 0.067564, -0.282029, -0.495667, 0.574275
1700, 0.068589, -0.280321, -0.495554, 0.573461
1700, 0.067637, -0.278060, -0.495423, 0.572133
1700, 0.068518, -0.279153, -0.495454, 0.572796
1700, 0.068807, -0.279903, -0.495284, 0.573050
1700, 0.068195, -0.281084, -0.495549, 0.573783
1700, 0.067503, -0.279721, -0.495371, 0.572881
1700, 0.067751, -0.278210, -0.495617, 0.572387
1700, 0.068608, -0.277971, -0.495620, 0.572376
1700, 0.069099, -0.275366, -0.495458, 0.571034
1700, 0.069707, -0.274404, -0.495218, 0.570436
1700, 0.070561, -0.274495, -0.495136, 0.570514
1700, 0.070382, -0.274344, -0.495064, 0.570357
1700, 0.071659, -0.274879, -0.494819, 0.570561
1700, 0.072228, -0.273340, -0.494521, 0.569634
1700, 0.071913, -0.274042, -0.494563, 0.569968
1700, 0.073119, -0.275781, -0.494703, 0.571080
1700, 0.073922, -0.277662, -0.494838, 0.572211
1700, 0.074256, -0.279711, -0.495115, 0.573490
1700, 0.073803, -0.281157, -0.495015, 0.574052
1700, 0.070527, -0.281834, -0.495608, 0.574484
1700, 0.069091, -0.283581, -0.495989, 0.575497
1700, 0.069202, -0.280858, -0.495812, 0.574021
1675, 0.068269, -0.281434, -0.495723, 0.574114
1675, 0.067228, -0.280967, -0.495923, 0.573935
1675, 0.067352, -0.280646, -0.496021, 0.573878
1675, 0.067548, -0.279786, -0.496053, 0.573508
1675, 0.067652, -0.279846, -0.496039, 0.573538
1675, 0.068259, -0.279015, -0.496110, 0.573266
1675, 0.067987, -0.280413, -0.496081, 0.573890
1675, 0.067443, -0.280472, -0.495719, 0.573543
1675, 0.067141, -0.280744, -0.495688, 0.573612
1675, 0.067329, -0.280554, -0.495952, 0.573770
1675, 0.066843, -0.279887, -0.496113, 0.573527
1675, 0.067264, -0.279383, -0.495786, 0.573047
1675, 0.066535, -0.278146, -0.495689, 0.572276
1675, 0.067295, -0.279788, -0.495929, 0.573372
1675, 0.067132, -0.279414, -0.495832, 0.573087
1675, 0.067142, -0.280454, -0.496162, 0.573881
1675, 0.067317, -0.280256, -0.496180, 0.573820
1675, 0.065951, -0.280027, -0.496022, 0.573414
1675, 0.066372, -0.278981, -0.495996, 0.572929
1675, 0.066807, -0.279301, -0.495947, 0.573093
1675, 0.067831, -0.278464, -0.495681, 0.572576
1675, 0.067973, -0.279082, -0.495384, 0.572636
1675, 0.068044, -0.280559, -0.495795, 0.573721
1675, 0.067768, -0.280879, -0.495833, 0.573878
1675, 0.066848, -0.280848, -0.495887, 0.573801
1675, 0.067197, -0.279910, -0.496065, 0.573538
1675, 0.066865, -0.279406, -0.495883, 0.573096
1675, 0.067471, -0.279921, -0.496032, 0.573547
1675, 0.067083, -0.279714, -0.496045, 0.573411
1675, 0.067751, -0.281230, -0.496136, 0.574310
1675, 0.067677, -0.280274, -0.495921, 0.573648
1675, 0.067834, -0.281242, -0.496102, 0.574295
1675, 0.067014, -0.279984, -0.495672, 0.573212
1675, 0.066399, -0.280112, -0.495914, 0.573413
1675, 0.066874, -0.279411, -0.495933, 0.573142
1675, 0.066200, -0.279392, -0.495805, 0.572944
1675, 0.066764, -0.279353, -0.495941, 0.573108
1675, 0.066805, -0.279608, -0.495645, 0.572981
1675, 0.067423, -0.280467, -0.495708, 0.573528
1675, 0.066586, -0.280627, -0.495803, 0.573590
1650, 0.065547, -0.279375, -0.495957, 0.572992
1650, 0.065292, -0.278586, -0.495846, 0.572483
1650, 0.065961, -0.278190, -0.495977, 0.572480
1650, 0.064942, -0.277653, -0.496237, 0.572328
1650, 0.065353, -0.278277, -0.496122, 0.572579
1650, 0.065823, -0.278819, -0.496224, 0.572984
1650, 0.065324, -0.278094, -0.496343, 0.572678
1650, 0.065485, -0.277632, -0.496296, 0.572431
1650, 0.064782, -0.277756, -0.495915, 0.572081
1650, 0.064697, -0.278512, -0.496102, 0.572601
1650, 0.064623, -0.279004, -0.495968, 0.572716
1650, 0.064801, -0.278371, -0.496222, 0.572649
1650, 0.064978, -0.277894, -0.496200, 0.572417
1650, 0.064815, -0.278782, -0.496427, 0.573027
1650, 0.064871, -0.278053, -0.496498, 0.572741
1650, 0.065440, -0.279497, -0.496409, 0.573430
1650, 0.065121, -0.278860, -0.496252, 0.572948
1650, 0.065266, -0.277745, -0.496303, 0.572467
1650, 0.065689, -0.278701, -0.496315, 0.572991
1650, 0.065116, -0.279545, -0.496291, 0.573315
1650, 0.066098, -0.279476, -0.496120, 0.573246
1650, 0.065722, -0.280013, -0.496194, 0.573529
1650, 0.065393, -0.278737, -0.496043, 0.572739
1650, 0.065828, -0.278986, -0.495942, 0.572822
1650, 0.065863, -0.279828, -0.496426, 0.573655
1650, 0.066181, -0.278951, -0.496173, 0.573045
1650, 0.066756, -0.279038, -0.496484, 0.573424
1650, 0.065505, -0.278153, -0.496527, 0.572887
1650, 0.065152, -0.278469, -0.496273, 0.572780
1650, 0.065874, -0.279080, -0.496411, 0.573279
1650, 0.065250, -0.278765, -0.495990, 0.572690
1650, 0.065666, -0.277575, -0.495661, 0.571874
1650, 0.065063, -0.278342, -0.495925, 0.572406
1650, 0.064962, -0.278480, -0.495801, 0.572354
1650, 0.065355, -0.278557, -0.496096, 0.572693
1650, 0.065659, -0.278826, -0.495922, 0.572707
1650, 0.065165, -0.277652, -0.495688, 0.571877
1650, 0.065003, -0.278500, -0.495948, 0.572497
1650, 0.064605, -0.278493, -0.496064, 0.572548
1650, 0.065405, -0.279628, -0.495846, 0.573003
1625, 0.060653, -0.275704, -0.495603, 0.570363
1625, 0.061415, -0.275148, -0.495726, 0.570283
1625, 0.062752, -0.274135, -0.495818, 0.570020
1625, 0.063252, -0.273547, -0.495717, 0.569705
1625, 0.064128, -0.271747, -0.494962, 0.568284
1625, 0.065234, -0.271891, -0.495039, 0.568545
1625, 0.065498, -0.272057, -0.495253, 0.568841
1625, 0.065691, -0.271586, -0.495100, 0.568505
1625, 0.066825, -0.272751, -0.495122, 0.569214
1625, 0.067288, -0.273566, -0.495270, 0.569788
1625, 0.067962, -0.275259, -0.495886, 0.571218
1625, 0.067206, -0.275816, -0.495799, 0.571321
1625, 0.067707, -0.275153, -0.495778, 0.571042
1625, 0.068596, -0.276631, -0.495957, 0.572017
1625, 0.068467, -0.276327, -0.495883, 0.571791
1625, 0.068829, -0.277508, -0.496329, 0.572792
1625, 0.068227, -0.277056, -0.496074, 0.572280
1625, 0.068733, -0.276823, -0.496033, 0.572192
1625, 0.068936, -0.278074, -0.496051, 0.572838
1625, 0.068071, -0.276630, -0.495834, 0.571847
1625, 0.067789, -0.274672, -0.495545, 0.570618
1625, 0.066586, -0.272770, -0.495433, 0.569466
1625, 0.066507, -0.271866, -0.495164, 0.568790
1625, 0.066575, -0.273600, -0.495367, 0.569805
1625, 0.063888, -0.272385, -0.495493, 0.569024
1625, 0.062743, -0.272274, -0.495503, 0.568852
1625, 0.061456, -0.273439, -0.495686, 0.569430
1625, 0.061939, -0.275073, -0.495600, 0.570193
1625, 0.061357, -0.277143, -0.495964, 0.571448
1625, 0.060391, -0.276794, -0.496066, 0.571265
1625, 0.060661, -0.276055, -0.496022, 0.570898
1625, 0.060338, -0.276747, -0.495852, 0.571051
1625, 0.060209, -0.277085, -0.495670, 0.571043
1625, 0.060635, -0.278056, -0.496038, 0.571879
1625, 0.059849, -0.277428, -0.495789, 0.571275
1625, 0.060386, -0.276202, -0.495668, 0.570632
1625, 0.060680, -0.276772, -0.495878, 0.571122
1625, 0.060560, -0.276852, -0.495927, 0.571190
1625, 0.060459, -0.278057, -0.495815, 0.571667
1625, 0.059213, -0.277156, -0.495624, 0.570933
1600, 0.061443, -0.276445, -0.496178, 0.571305
1600, 0.062197, -0.276550, -0.495717, 0.571038
1600, 0.062422, -0.277415, -0.495649, 0.571422
1600, 0.062268, -0.277676, -0.495682, 0.571561
1600, 0.062173, -0.276398, -0.495767, 0.571004
1600, 0.062584, -0.276842, -0.495538, 0.571066
1600, 0.062357, -0.277002, -0.495908, 0.571440
1600, 0.062793, -0.276942, -0.495720, 0.571296
1600, 0.062736, -0.277374, -0.495943, 0.571692
1600, 0.062923, -0.278654, -0.496055, 0.572431
1600, 0.062635, -0.278304, -0.495844, 0.572047
1600, 0.062767, -0.277140, -0.495769, 0.571431
1600, 0.062914, -0.276797, -0.496049, 0.571524
1600, 0.063115, -0.276556, -0.495914, 0.571312
1600, 0.062375, -0.275836, -0.496026, 0.570980
1600, 0.062116, -0.276642, -0.496041, 0.571354
1600, 0.062324, -0.277325, -0.496370, 0.571994
1600, 0.062248, -0.277133, -0.496459, 0.571969
1600, 0.062300, -0.277088, -0.496357, 0.571865
1600, 0.062800, -0.277395, -0.496164, 0.571901
1600, 0.062846, -0.276903, -0.496326, 0.571808
1600, 0.062792, -0.276872, -0.496299, 0.571763
1600, 0.062208, -0.276281, -0.496297, 0.571412
1600, 0.062230, -0.276207, -0.496335, 0.571411
1600, 0.062055, -0.276697, -0.496027, 0.571362
1600, 0.062088, -0.277180, -0.495863, 0.571458
1600, 0.062883, -0.277877, -0.495851, 0.571872
1600, 0.063212, -0.277428, -0.495794, 0.571641
1600, 0.063095, -0.277171, -0.495605, 0.571339
1600, 0.062913, -0.277030, -0.495752, 0.571379
1600, 0.063318, -0.277062, -0.495566, 0.571277
1600, 0.062775, -0.276931, -0.495439, 0.571044
1600, 0.062135, -0.276739, -0.495530, 0.570960
1600, 0.062696, -0.277142, -0.495839, 0.571484
1600, 0.063420, -0.277814, -0.495850, 0.571901
1600, 0.063235, -0.277537, -0.495908, 0.571795
1600, 0.062795, -0.276709, -0.495536, 0.571023
1600, 0.063276, -0.275986, -0.495450, 0.570651
1600, 0.062545, -0.275407, -0.495310, 0.570169
1600, 0.062355, -0.275718, -0.495423, 0.570396
1575, 0.061445, -0.276487, -0.496294, 0.571427
1575, 0.061348, -0.275147, -0.496028, 0.570537
1575, 0.062039, -0.276678, -0.496110, 0.571424
1575, 0.061442, -0.275418, -0.495461, 0.570185
1575, 0.062313, -0.275233, -0.495863, 0.570540
1575, 0.061871, -0.275587, -0.496167, 0.570927
1575, 0.061704, -0.275114, -0.496222, 0.570729
1575, 0.062244, -0.276619, -0.496470, 0.571730
1575, 0.061467, -0.275852, -0.496095, 0.570949
1575, 0.062013, -0.275570, -0.495908, 0.570710
1575, 0.061957, -0.275385, -0.495830, 0.570547
1575, 0.062387, -0.275825, -0.495883, 0.570852
1575, 0.061468, -0.276586, -0.495761, 0.571014
1575, 0.061732, -0.275111, -0.495538, 0.570136
1575, 0.061655, -0.276488, -0.495713, 0.570945
1575, 0.061494, -0.275754, -0.495835, 0.570679
1575, 0.062422, -0.274945, -0.495706, 0.570276
1575, 0.061104, -0.276044, -0.495982, 0.570905
1575, 0.061572, -0.274561, -0.495474, 0.569798
1575, 0.062003, -0.276224, -0.495953, 0.571063
1575, 0.061682, -0.275635, -0.495889, 0.570688
1575, 0.062172, -0.275237, -0.496155, 0.570781
1575, 0.061603, -0.276594, -0.496071, 0.571302
1575, 0.061626, -0.275413, -0.495635, 0.570354
1575, 0.061815, -0.276922, -0.496118, 0.571524
1575, 0.061706, -0.276004, -0.495831, 0.570819
1575, 0.062410, -0.275488, -0.495778, 0.570600
1575, 0.062126, -0.276449, -0.495872, 0.571115
1575, 0.061527, -0.274987, -0.495889, 0.570359
1575, 0.062365, -0.276823, -0.496356, 0.571743
1575, 0.061565, -0.276122, -0.496320, 0.571286
1575, 0.062210, -0.275289, -0.496078, 0.570743
1575, 0.061876, -0.275661, -0.495989, 0.570809
1575, 0.061313, -0.274971, -0.495965, 0.570394
1575, 0.061934, -0.275993, -0.496141, 0.571108
1575, 0.061331, -0.276090, -0.495862, 0.570847
1575, 0.061860, -0.274848, -0.495944, 0.570376
1575, 0.061136, -0.275978, -0.496105, 0.570983
1575, 0.061215, -0.275287, -0.495847, 0.570434
1575, 0.062000, -0.276176, -0.495633, 0.570762
1550, 0.061876, -0.276777, -0.495806, 0.571189
1550, 0.061634, -0.276735, -0.495842, 0.571175
1550, 0.061797, -0.276761, -0.495938, 0.571288
1550, 0.061715, -0.276642, -0.495960, 0.571240
1550, 0.061665, -0.276541, -0.495869, 0.571107
1550, 0.061718, -0.276075, -0.495923, 0.570934
1550, 0.061574, -0.276029, -0.495978, 0.570944
1550, 0.061279, -0.275827, -0.495716, 0.570588
1550, 0.061268, -0.275745, -0.495740, 0.570567
1550, 0.061224, -0.275697, -0.495822, 0.570611
1550, 0.061536, -0.275658, -0.495764, 0.570575
1550, 0.061714, -0.275133, -0.495536, 0.570143
1550, 0.061466, -0.275014, -0.495726, 0.570224
1550, 0.061284, -0.274646, -0.495761, 0.570057
1550, 0.061163, -0.274499, -0.495703, 0.569923
1550, 0.061194, -0.274063, -0.495625, 0.569648
1550, 0.060814, -0.274436, -0.495757, 0.569902
1550, 0.060132, -0.274271, -0.495865, 0.569844
1550, 0.061121, -0.274975, -0.495412, 0.569895
1550, 0.060427, -0.274841, -0.495282, 0.569643
1550, 0.060425, -0.274620, -0.495400, 0.569638
1550, 0.060551, -0.274614, -0.495637, 0.569855
1550, 0.060546, -0.274664, -0.495608, 0.569853
1550, 0.060591, -0.275098, -0.495491, 0.569967
1550, 0.060357, -0.275382, -0.495606, 0.570178
1550, 0.060235, -0.275471, -0.495657, 0.570253
1550, 0.060468, -0.275248, -0.495676, 0.570186
1550, 0.060525, -0.275629, -0.495663, 0.570365
1550, 0.060799, -0.275641, -0.495513, 0.570270
1550, 0.061199, -0.275754, -0.495769, 0.570590
1550, 0.060425, -0.276097, -0.495881, 0.570770
1550, 0.060824, -0.275756, -0.495905, 0.570669
1550, 0.060637, -0.275837, -0.495815, 0.570610
1550, 0.060895, -0.276127, -0.495634, 0.570620
1550, 0.060878, -0.275548, -0.495931, 0.570597
1550, 0.061366, -0.276223, -0.495871, 0.570923
1550, 0.061191, -0.275892, -0.496149, 0.570986
1550, 0.061245, -0.276302, -0.495893, 0.570967
1550, 0.061688, -0.275977, -0.495915, 0.570877
1550, 0.062000, -0.275725, -0.495854, 0.570736
1525, 0.060833, -0.276303, -0.496460, 0.571416
1525, 0.061992, -0.274902, -0.496127, 0.570575
1525, 0.059906, -0.273826, -0.496114, 0.569823
1525, 0.060326, -0.276424, -0.496305, 0.571286
1525, 0.061670, -0.275512, -0.496151, 0.570855
1525, 0.059837, -0.273902, -0.495924, 0.569687
1525, 0.060265, -0.276223, -0.496294, 0.571173
1525, 0.061488, -0.275089, -0.496012, 0.570511
1525, 0.059744, -0.273321, -0.495983, 0.569449
1525, 0.060007, -0.276601, -0.496468, 0.571480
1525, 0.061832, -0.274927, -0.496331, 0.570747
1525, 0.060534, -0.273417, -0.495692, 0.569326
1525, 0.060624, -0.276192, -0.496171, 0.571089
1525, 0.061987, -0.275010, -0.496025, 0.570538
1525, 0.060631, -0.273672, -0.496047, 0.569768
1525, 0.060804, -0.276541, -0.496426, 0.571499
1525, 0.062112, -0.275378, -0.496613, 0.571240
1525, 0.060693, -0.273461, -0.496258, 0.569856
1525, 0.061031, -0.276420, -0.496548, 0.571570
1525, 0.062183, -0.274927, -0.496411, 0.570855
1525, 0.060431, -0.272994, -0.495896, 0.569289
1525, 0.060736, -0.275702, -0.496044, 0.570754
1525, 0.062085, -0.275114, -0.496143, 0.570701
1525, 0.060344, -0.273823, -0.495746, 0.569548
1525, 0.060732, -0.276582, -0.496078, 0.571209
1525, 0.061899, -0.275038, -0.495795, 0.570342
1525, 0.060294, -0.273488, -0.495807, 0.569435
1525, 0.060776, -0.276962, -0.496435, 0.571708
1525, 0.061591, -0.275103, -0.496231, 0.570719
1525, 0.060014, -0.273771, -0.495979, 0.569690
1525, 0.060688, -0.276710, -0.496355, 0.571507
1525, 0.061532, -0.274785, -0.496278, 0.570600
1525, 0.060099, -0.273285, -0.496030, 0.569511
1525, 0.061122, -0.276530, -0.496206, 0.571336
1525, 0.061941, -0.274727, -0.496001, 0.570376
1525, 0.060122, -0.274316, -0.495764, 0.569777
1525, 0.060863, -0.276606, -0.496361, 0.571480
1525, 0.061844, -0.274437, -0.496093, 0.570305
1525, 0.060176, -0.274214, -0.495835, 0.569796
1525, 0.061190, -0.276916, -0.496544, 0.571824
1500, 0.040235, -0.283931, -0.496734, 0.573568
1500, 0.040464, -0.283930, -0.496898, 0.573726
1500, 0.040330, -0.284148, -0.496821, 0.573757
1500, 0.040072, -0.283979, -0.496825, 0.573659
1500, 0.040064, -0.284120, -0.496558, 0.573498
1500, 0.040260, -0.284162, -0.496534, 0.573511
1500, 0.040340, -0.284104, -0.496665, 0.573601
1500, 0.040146, -0.284417, -0.496609, 0.573694
1500, 0.039906, -0.284101, -0.496568, 0.573486
1500, 0.039930, -0.284271, -0.496329, 0.573365
1500, 0.039682, -0.284435, -0.496497, 0.573574
1500, 0.039922, -0.284257, -0.496558, 0.573555
1500, 0.040050, -0.284082, -0.496693, 0.573594
1500, 0.040202, -0.284145, -0.496860, 0.573781
1500, 0.040102, -0.284150, -0.496838, 0.573757
1500, 0.040180, -0.284102, -0.497088, 0.573956
1500, 0.040261, -0.283922, -0.497272, 0.574032
1500, 0.040177, -0.283822, -0.497272, 0.573976
1500, 0.039999, -0.284015, -0.496967, 0.573795
1500, 0.039974, -0.284034, -0.497060, 0.573883
1500, 0.039998, -0.283924, -0.497053, 0.573824
1500, 0.040103, -0.284097, -0.496708, 0.573619
1500, 0.040236, -0.284480, -0.496847, 0.573938
1500, 0.040273, -0.284693, -0.496846, 0.574045
1500, 0.040513, -0.284671, -0.496554, 0.573799
1500, 0.040911, -0.284735, -0.496487, 0.573801
1500, 0.040714, -0.284477, -0.496383, 0.573569
1500, 0.040675, -0.284326, -0.496379, 0.573487
1500, 0.040560, -0.284302, -0.496532, 0.573600
1500, 0.040441, -0.284527, -0.496905, 0.574026
1500, 0.040396, -0.284310, -0.496641, 0.573686
1500, 0.040134, -0.284531, -0.496656, 0.573791
1500, 0.039710, -0.284339, -0.496550, 0.573575
1500, 0.039874, -0.284186, -0.496654, 0.573600
1500, 0.039997, -0.284172, -0.496766, 0.573699
1500, 0.039926, -0.284034, -0.496948, 0.573783
1500, 0.040341, -0.284242, -0.496932, 0.573901
1500, 0.040409, -0.284410, -0.496996, 0.574045
1500, 0.040327, -0.284334, -0.497005, 0.574009
1500, 0.040181, -0.284194, -0.496936, 0.573869
1475, 0.040111, -0.284089, -0.497032, 0.573896
1475, 0.039979, -0.284167, -0.497122, 0.574004
1475, 0.039867, -0.284016, -0.497061, 0.573868
1475, 0.039745, -0.284107, -0.497100, 0.573938
1475, 0.039820, -0.284322, -0.497171, 0.574111
1475, 0.039948, -0.284063, -0.497012, 0.573854
1475, 0.039896, -0.284112, -0.497209, 0.574045
1475, 0.039916, -0.283937, -0.496710, 0.573528
1475, 0.039958, -0.284275, -0.496843, 0.573813
1475, 0.040057, -0.284124, -0.496553, 0.573495
1475, 0.040273, -0.284201, -0.496600, 0.573588
1475, 0.040022, -0.284212, -0.496704, 0.573666
1475, 0.040185, -0.284212, -0.496651, 0.573632
1475, 0.040185, -0.284319, -0.496579, 0.573623
1475, 0.040207, -0.284121, -0.496758, 0.573681
1475, 0.040134, -0.284130, -0.496619, 0.573560
1475, 0.040406, -0.284265, -0.496485, 0.573530
1475, 0.039882, -0.284567, -0.496876, 0.573982
1475, 0.039973, -0.284441, -0.496819, 0.573876
1475, 0.039811, -0.284480, -0.496913, 0.573965
1475, 0.039920, -0.284286, -0.496710, 0.573701
1475, 0.040068, -0.284097, -0.496755, 0.573657
1475, 0.040046, -0.284053, -0.496665, 0.573555
1475, 0.040202, -0.284207, -0.496799, 0.573758
1475, 0.040514, -0.284332, -0.496519, 0.573600
1475, 0.040283, -0.284659, -0.496690, 0.573894
1475, 0.040137, -0.284866, -0.496809, 0.574090
1475, 0.040119, -0.284904, -0.496869, 0.574159
1475, 0.040224, -0.284798, -0.497075, 0.574293
1475, 0.040271, -0.284777, -0.496964, 0.574188
1475, 0.040223, -0.284711, -0.497237, 0.574389
1475, 0.040262, -0.284593, -0.497050, 0.574171
1475, 0.040232, -0.284417, -0.496948, 0.573994
1475, 0.040539, -0.284028, -0.496775, 0.573673
1475, 0.040116, -0.284099, -0.496728, 0.573638
1475, 0.040137, -0.284270, -0.496984, 0.573945
1475, 0.040124, -0.283977, -0.496953, 0.573772
1475, 0.040300, -0.283912, -0.497052, 0.573839
1475, 0.040206, -0.284164, -0.497137, 0.574031
1475, 0.040422, -0.284293, -0.497193, 0.574158
1450, 0.061668, -0.274591, -0.497045, 0.571189
1450, 0.060854, -0.276411, -0.497377, 0.572268
1450, 0.061031, -0.273699, -0.496542, 0.570254
1450, 0.061245, -0.276780, -0.496852, 0.572031
1450, 0.060311, -0.273924, -0.496749, 0.570466
1450, 0.061236, -0.276640, -0.497278, 0.572333
1450, 0.059683, -0.274596, -0.497020, 0.570959
1450, 0.061416, -0.276226, -0.497103, 0.572000
1450, 0.059576, -0.275415, -0.496512, 0.570901
1450, 0.061205, -0.275134, -0.496765, 0.571157
1450, 0.059522, -0.276523, -0.497125, 0.571962
1450, 0.060233, -0.274635, -0.496900, 0.570930
1450, 0.060109, -0.277269, -0.496908, 0.572196
1450, 0.060426, -0.274544, -0.496483, 0.570544
1450, 0.061058, -0.277074, -0.497305, 0.572547
1450, 0.060133, -0.274206, -0.496836, 0.570658
1450, 0.061691, -0.276944, -0.497233, 0.572489
1450, 0.060208, -0.274942, -0.496646, 0.570855
1450, 0.061817, -0.275864, -0.496883, 0.571678
1450, 0.059885, -0.275340, -0.497090, 0.571399
1450, 0.061478, -0.274749, -0.496938, 0.571151
1450, 0.060475, -0.275808, -0.496916, 0.571536
1450, 0.060910, -0.273680, -0.496471, 0.570171
1450, 0.060231, -0.276272, -0.496771, 0.571607
1450, 0.060169, -0.273863, -0.496661, 0.570345
1450, 0.060258, -0.276708, -0.496826, 0.571870
1450, 0.059997, -0.273812, -0.496514, 0.570174
1450, 0.061005, -0.276812, -0.497528, 0.572609
1450, 0.059707, -0.274450, -0.496990, 0.570865
1450, 0.061657, -0.276675, -0.497650, 0.572718
1450, 0.060203, -0.275255, -0.497177, 0.571467
1450, 0.061983, -0.275788, -0.497351, 0.572065
1450, 0.060143, -0.275404, -0.497066, 0.571436
1450, 0.061573, -0.275080, -0.496714, 0.571126
1450, 0.060529, -0.275874, -0.496752, 0.571431
1450, 0.060851, -0.273628, -0.496368, 0.570050
1450, 0.061168, -0.276567, -0.496798, 0.571873
1450, 0.060869, -0.273659, -0.496416, 0.570108
1450, 0.060693, -0.276339, -0.496571, 0.571515
1450, 0.060253, -0.273626, -0.496220, 0.569857
1425, 0.061004, -0.274697, -0.496688, 0.570858
1425, 0.061134, -0.274774, -0.496880, 0.571076
1425, 0.061131, -0.275100, -0.496734, 0.571105
1425, 0.061279, -0.276382, -0.496762, 0.571764
1425, 0.061028, -0.276930, -0.497102, 0.572298
1425, 0.060756, -0.276096, -0.497472, 0.572187
1425, 0.060361, -0.275351, -0.497323, 0.571657
1425, 0.060601, -0.275089, -0.497066, 0.571332
1425, 0.060882, -0.274410, -0.496943, 0.570929
1425, 0.061338, -0.274827, -0.497336, 0.571520
1425, 0.061857, -0.275540, -0.497567, 0.572120
1425, 0.062099, -0.276773, -0.497608, 0.572777
1425, 0.061694, -0.276771, -0.497346, 0.572504
1425, 0.061043, -0.276111, -0.497444, 0.572202
1425, 0.060158, -0.275715, -0.497141, 0.571652
1425, 0.060198, -0.274636, -0.496774, 0.570818
1425, 0.060055, -0.275070, -0.496809, 0.571042
1425, 0.061086, -0.274668, -0.496818, 0.570966
1425, 0.061223, -0.275098, -0.497047, 0.571387
1425, 0.061511, -0.275764, -0.497240, 0.571906
1425, 0.061602, -0.276252, -0.497097, 0.572028
1425, 0.061375, -0.276778, -0.497504, 0.572611
1425, 0.060984, -0.276027, -0.497379, 0.572098
1425, 0.060718, -0.275073, -0.497447, 0.571669
1425, 0.060905, -0.274617, -0.497413, 0.571439
1425, 0.061570, -0.274436, -0.497143, 0.571189
1425, 0.061902, -0.274459, -0.496800, 0.570938
1425, 0.061805, -0.275058, -0.496860, 0.571267
1425, 0.061772, -0.275954, -0.497186, 0.571980
1425, 0.061226, -0.276582, -0.497480, 0.572479
1425, 0.060877, -0.275891, -0.497261, 0.571918
1425, 0.060162, -0.275705, -0.496978, 0.571507
1425, 0.060692, -0.274729, -0.497148, 0.571240
1425, 0.060770, -0.274326, -0.496881, 0.570823
1425, 0.061013, -0.274364, -0.496685, 0.570697
1425, 0.061287, -0.274977, -0.496916, 0.571222
1425, 0.061297, -0.275710, -0.497252, 0.571868
1425, 0.061214, -0.276148, -0.496902, 0.571766
1425, 0.061032, -0.276943, -0.497071, 0.572278
1425, 0.060818, -0.276723, -0.497208, 0.572268
1400, 0.061886, -0.276073, -0.496718, 0.571642
1400, 0.062482, -0.276079, -0.496775, 0.571760
1400, 0.061738, -0.275799, -0.496341, 0.571167
1400, 0.061657, -0.277087, -0.496656, 0.572054
1400, 0.062056, -0.276211, -0.496765, 0.571768
1400, 0.061162, -0.275073, -0.496778, 0.571134
1400, 0.061630, -0.276416, -0.496882, 0.571922
1400, 0.062141, -0.275864, -0.497031, 0.571841
1400, 0.061466, -0.275275, -0.497091, 0.571536
1400, 0.062037, -0.276316, -0.497112, 0.572119
1400, 0.062836, -0.275424, -0.496984, 0.571664
1400, 0.061861, -0.275225, -0.496736, 0.571246
1400, 0.062008, -0.276273, -0.496797, 0.571821
1400, 0.062426, -0.275533, -0.496808, 0.571519
1400, 0.061983, -0.275136, -0.496802, 0.571274
1400, 0.062013, -0.275901, -0.496950, 0.571774
1400, 0.062755, -0.275825, -0.496820, 0.571706
1400, 0.061975, -0.275301, -0.496578, 0.571158
1400, 0.062180, -0.276508, -0.497100, 0.572216
1400, 0.062857, -0.276259, -0.496982, 0.572067
1400, 0.062391, -0.275263, -0.496863, 0.571432
1400, 0.062170, -0.276865, -0.497520, 0.572753
1400, 0.063048, -0.276803, -0.497226, 0.572563
1400, 0.062474, -0.275386, -0.496701, 0.571360
1400, 0.062295, -0.275842, -0.496737, 0.571592
1400, 0.062383, -0.276654, -0.496835, 0.572078
1400, 0.061868, -0.275401, -0.496686, 0.571288
1400, 0.061527, -0.275843, -0.496663, 0.571444
1400, 0.061952, -0.276857, -0.497000, 0.572273
1400, 0.062025, -0.275444, -0.496857, 0.571475
1400, 0.061766, -0.275634, -0.496842, 0.571525
1400, 0.062024, -0.276932, -0.496893, 0.572225
1400, 0.062546, -0.276035, -0.496653, 0.571639
1400, 0.061430, -0.275460, -0.496442, 0.571057
1400, 0.062027, -0.276714, -0.496362, 0.571659
1400, 0.062555, -0.275988, -0.496266, 0.571282
1400, 0.061884, -0.276358, -0.496594, 0.571672
1400, 0.062017, -0.276738, -0.497030, 0.572249
1400, 0.062227, -0.275737, -0.496829, 0.571613
1400, 0.061398, -0.275706, -0.496441, 0.571172
1375, 0.063989, -0.275968, -0.496735, 0.571838
1375, 0.063687, -0.276626, -0.496679, 0.572074
1375, 0.063744, -0.277731, -0.496780, 0.572702
1375, 0.063372, -0.277338, -0.496958, 0.572625
1375, 0.062828, -0.276421, -0.496803, 0.571987
1375, 0.062865, -0.275835, -0.496697, 0.571616
1375, 0.063041, -0.276535, -0.496759, 0.572027
1375, 0.063302, -0.277201, -0.497293, 0.572842
1375, 0.063175, -0.277598, -0.497486, 0.573188
1375, 0.062797, -0.276770, -0.497273, 0.572561
1375, 0.062620, -0.276179, -0.497325, 0.572301
1375, 0.063119, -0.276742, -0.497290, 0.572598
1375, 0.063263, -0.276865, -0.497136, 0.572538
1375, 0.062926, -0.276853, -0.497239, 0.572585
1375, 0.062696, -0.276593, -0.497294, 0.572482
1375, 0.062733, -0.275610, -0.496927, 0.571692
1375, 0.063133, -0.276409, -0.496970, 0.572160
1375, 0.063606, -0.276956, -0.496863, 0.572383
1375, 0.063629, -0.277029, -0.496929, 0.572479
1375, 0.062777, -0.277304, -0.497176, 0.572733
1375, 0.062121, -0.276236, -0.496928, 0.571929
1375, 0.062941, -0.276641, -0.496909, 0.572198
1375, 0.063131, -0.276882, -0.497045, 0.572453
1375, 0.062961, -0.276983, -0.496914, 0.572370
1375, 0.062852, -0.277132, -0.496817, 0.572345
1375, 0.062569, -0.276878, -0.497014, 0.572363
1375, 0.062778, -0.275909, -0.496529, 0.571496
1375, 0.063681, -0.276213, -0.496691, 0.571884
1375, 0.063678, -0.276968, -0.496985, 0.572503
1375, 0.063184, -0.277425, -0.496888, 0.572585
1375, 0.062757, -0.277687, -0.496760, 0.572555
1375, 0.062579, -0.276515, -0.496937, 0.572121
1375, 0.062957, -0.276146, -0.496819, 0.571882
1375, 0.062976, -0.276913, -0.496747, 0.572193
1375, 0.062584, -0.277135, -0.496957, 0.572440
1375, 0.062878, -0.277076, -0.497058, 0.572530
1375, 0.062976, -0.276319, -0.496578, 0.571759
1375, 0.063236, -0.275976, -0.496520, 0.571572
1375, 0.064016, -0.277129, -0.496748, 0.572414
1375, 0.063721, -0.277866, -0.497122, 0.573062
1350, 0.064786, -0.276640, -0.496293, 0.571868
1350, 0.065929, -0.278317, -0.496968, 0.573397
1350, 0.063587, -0.277770, -0.496791, 0.572714
1350, 0.063020, -0.276956, -0.496327, 0.571854
1350, 0.064972, -0.277050, -0.496611, 0.572364
1350, 0.065688, -0.278342, -0.497234, 0.573612
1350, 0.065193, -0.279922, -0.497613, 0.574652
1350, 0.064138, -0.278971, -0.497136, 0.573657
1350, 0.062966, -0.276804, -0.496738, 0.572131
1350, 0.064629, -0.278759, -0.497175, 0.573644
1350, 0.064386, -0.279953, -0.497409, 0.574400
1350, 0.063646, -0.277499, -0.496849, 0.572639
1350, 0.065343, -0.276722, -0.496883, 0.572484
1350, 0.064485, -0.277836, -0.496751, 0.572812
1350, 0.063201, -0.277425, -0.496544, 0.572290
1350, 0.064377, -0.275410, -0.496221, 0.571166
1350, 0.065031, -0.273974, -0.495843, 0.570221
1350, 0.065896, -0.275613, -0.496736, 0.571884
1350, 0.064564, -0.277124, -0.496893, 0.572598
1350, 0.062819, -0.277713, -0.496839, 0.572643
1350, 0.063395, -0.276697, -0.496669, 0.572066
1350, 0.064481, -0.275573, -0.496546, 0.571539
1350, 0.064815, -0.276906, -0.496753, 0.572400
1350, 0.064200, -0.277165, -0.496831, 0.572523
1350, 0.064532, -0.276993, -0.496773, 0.572427
1350, 0.064407, -0.275038, -0.496576, 0.571298
1350, 0.065288, -0.277144, -0.497363, 0.573098
1350, 0.065866, -0.280028, -0.497933, 0.575058
1350, 0.064339, -0.279372, -0.497339, 0.574051
1350, 0.064890, -0.277736, -0.497088, 0.573101
1350, 0.064853, -0.278217, -0.496896, 0.573163
1350, 0.063312, -0.275797, -0.496130, 0.571154
1350, 0.064416, -0.277636, -0.496821, 0.572767
1350, 0.064467, -0.279652, -0.497237, 0.574114
1350, 0.064216, -0.276520, -0.496271, 0.571727
1350, 0.064847, -0.278492, -0.496602, 0.573041
1350, 0.064738, -0.276127, -0.496268, 0.571594
1350, 0.064444, -0.277310, -0.496792, 0.572588
1350, 0.063903, -0.278050, -0.496628, 0.572743
1350, 0.065071, -0.276928, -0.496791, 0.572472
1325, 0.065646, -0.278138, -0.496746, 0.573085
1325, 0.065405, -0.278435, -0.496633, 0.573104
1325, 0.065353, -0.279723, -0.497121, 0.574148
1325, 0.065651, -0.279274, -0.497242, 0.574067
1325, 0.065654, -0.277434, -0.497194, 0.573133
1325, 0.065854, -0.279269, -0.497331, 0.574166
1325, 0.065747, -0.279503, -0.497376, 0.574306
1325, 0.065958, -0.278908, -0.497190, 0.573879
1325, 0.065731, -0.278822, -0.496694, 0.573383
1325, 0.065398, -0.279218, -0.496892, 0.573709
1325, 0.065078, -0.279261, -0.496813, 0.573624
1325, 0.065357, -0.279176, -0.496908, 0.573697
1325, 0.065750, -0.278320, -0.496624, 0.573080
1325, 0.065474, -0.279438, -0.496657, 0.573620
1325, 0.065353, -0.280000, -0.496766, 0.573975
1325, 0.065699, -0.278972, -0.496682, 0.573441
1325, 0.065047, -0.277191, -0.496809, 0.572613
1325, 0.065896, -0.279270, -0.497093, 0.573965
1325, 0.066017, -0.278998, -0.496922, 0.573698
1325, 0.065542, -0.278266, -0.496824, 0.573203
1325, 0.065445, -0.278429, -0.496616, 0.573091
1325, 0.066584, -0.279088, -0.496881, 0.573772
1325, 0.065631, -0.279356, -0.496785, 0.573710
1325, 0.065440, -0.279960, -0.496799, 0.573994
1325, 0.065328, -0.279114, -0.496956, 0.573705
1325, 0.065711, -0.279044, -0.496758, 0.573543
1325, 0.065972, -0.280159, -0.496622, 0.573999
1325, 0.065491, -0.279271, -0.496665, 0.573548
1325, 0.064719, -0.278676, -0.496416, 0.572955
1325, 0.065609, -0.278741, -0.496668, 0.573306
1325, 0.065295, -0.278873, -0.496770, 0.573423
1325, 0.065292, -0.279032, -0.496930, 0.573639
1325, 0.064902, -0.280147, -0.497073, 0.574262
1325, 0.065845, -0.279050, -0.496794, 0.573593
1325, 0.065614, -0.278815, -0.496406, 0.573116
1325, 0.065939, -0.280102, -0.496711, 0.574044
1325, 0.065995, -0.279343, -0.496381, 0.573396
1325, 0.065901, -0.278034, -0.495966, 0.572388
1325, 0.066779, -0.279231, -0.495989, 0.573092
1325, 0.067079, -0.278696, -0.496148, 0.573004
1300, 0.068554, -0.280752, -0.496773, 0.574721
1300, 0.068199, -0.280191, -0.496414, 0.574095
1300, 0.067825, -0.280449, -0.496854, 0.574557
1300, 0.066944, -0.278988, -0.496848, 0.573737
1300, 0.067420, -0.279141, -0.496717, 0.573753
1300, 0.067143, -0.279682, -0.496754, 0.574016
1300, 0.067239, -0.280731, -0.496750, 0.574536
1300, 0.067756, -0.281395, -0.496855, 0.575012
1300, 0.068141, -0.280595, -0.496653, 0.574492
1300, 0.068072, -0.281380, -0.497292, 0.575419
1300, 0.068461, -0.279656, -0.497021, 0.574390
1300, 0.067608, -0.280133, -0.497104, 0.574594
1300, 0.067206, -0.280080, -0.497211, 0.574613
1300, 0.066678, -0.279507, -0.496950, 0.574047
1300, 0.066982, -0.279953, -0.496707, 0.574089
1300, 0.067413, -0.280196, -0.496858, 0.574389
1300, 0.067064, -0.279185, -0.496552, 0.573590
1300, 0.066725, -0.279403, -0.496705, 0.573790
1300, 0.067240, -0.280416, -0.497103, 0.574688
1300, 0.067671, -0.280855, -0.497173, 0.575013
1300, 0.067718, -0.280597, -0.497238, 0.574949
1300, 0.068101, -0.281495, -0.497569, 0.575719
1300, 0.068256, -0.279883, -0.497302, 0.574719
1300, 0.068055, -0.279943, -0.497471, 0.574871
1300, 0.067614, -0.278727, -0.497090, 0.573898
1300, 0.066972, -0.279521, -0.497280, 0.574373
1300, 0.066862, -0.279440, -0.496976, 0.574058
1300, 0.067051, -0.280407, -0.496974, 0.574549
1300, 0.067827, -0.280413, -0.497220, 0.574857
1300, 0.067994, -0.281120, -0.497418, 0.575392
1300, 0.068278, -0.282550, -0.497981, 0.576612
1300, 0.067706, -0.282164, -0.497700, 0.576113
1300, 0.067815, -0.282291, -0.497619, 0.576117
1300, 0.067610, -0.281927, -0.497429, 0.575751
1300, 0.067967, -0.282738, -0.497549, 0.576295
1300, 0.068337, -0.281006, -0.497452, 0.575407
1300, 0.067751, -0.280167, -0.497090, 0.574615
1300, 0.068233, -0.279920, -0.497101, 0.574561
1300, 0.067775, -0.278861, -0.497021, 0.573923
1300, 0.067236, -0.279679, -0.496845, 0.574105
1325, 0.066399, -0.279322, -0.496886, 0.573869
1325, 0.066228, -0.278786, -0.496739, 0.573461
1325, 0.065355, -0.278556, -0.496508, 0.573049
1325, 0.066286, -0.277963, -0.496735, 0.573064
1325, 0.066286, -0.278060, -0.496802, 0.573170
1325, 0.065815, -0.279129, -0.496898, 0.573718
1325, 0.066444, -0.279242, -0.496917, 0.573862
1325, 0.066961, -0.277499, -0.496426, 0.572650
1325, 0.066030, -0.278392, -0.496635, 0.573157
1325, 0.066103, -0.279105, -0.496850, 0.573698
1325, 0.066024, -0.278694, -0.496802, 0.573447
1325, 0.065367, -0.278035, -0.496699, 0.572963
1325, 0.065793, -0.279230, -0.496870, 0.573740
1325, 0.065961, -0.279046, -0.496907, 0.573702
1325, 0.065998, -0.279218, -0.497052, 0.573916
1325, 0.065912, -0.279751, -0.496941, 0.574069
1325, 0.066564, -0.280096, -0.497009, 0.574372
1325, 0.066518, -0.279905, -0.497131, 0.574379
1325, 0.066141, -0.279133, -0.496996, 0.573842
1325, 0.065659, -0.278623, -0.496861, 0.573422
1325, 0.066407, -0.278826, -0.496690, 0.573459
1325, 0.066090, -0.278996, -0.496775, 0.573578
1325, 0.065363, -0.278780, -0.496644, 0.573277
1325, 0.065670, -0.278723, -0.496775, 0.573397
1325, 0.066621, -0.277109, -0.496375, 0.572378
1325, 0.065987, -0.277752, -0.496750, 0.572941
1325, 0.066016, -0.278973, -0.496930, 0.573692
1325, 0.066320, -0.279707, -0.497110, 0.574241
1325, 0.065549, -0.280051, -0.497435, 0.574601
1325, 0.065168, -0.278956, -0.497257, 0.573871
1325, 0.065959, -0.278923, -0.497173, 0.573873
1325, 0.065013, -0.279133, -0.497054, 0.573764
1325, 0.064947, -0.278842, -0.497238, 0.573774
1325, 0.065878, -0.278210, -0.497124, 0.573475
1325, 0.065360, -0.278698, -0.497162, 0.573685
1325, 0.065101, -0.279233, -0.497318, 0.574051
1325, 0.065426, -0.278980, -0.497555, 0.574170
1325, 0.065616, -0.277219, -0.497122, 0.572963
1325, 0.065610, -0.279467, -0.497325, 0.574228
1325, 0.065847, -0.279764, -0.497320, 0.574396
1350, 0.063610, -0.276692, -0.496977, 0.572355
1350, 0.065309, -0.276387, -0.497083, 0.572492
1350, 0.065494, -0.277323, -0.497371, 0.573215
1350, 0.063588, -0.278866, -0.497261, 0.573653
1350, 0.062581, -0.278518, -0.496927, 0.573084
1350, 0.064040, -0.276416, -0.496577, 0.571922
1350, 0.065224, -0.278025, -0.496956, 0.573164
1350, 0.064646, -0.279110, -0.497322, 0.573943
1350, 0.063261, -0.276358, -0.496868, 0.572061
1350, 0.063912, -0.276184, -0.496368, 0.571615
1350, 0.065680, -0.277854, -0.497219, 0.573361
1350, 0.065139, -0.279193, -0.497703, 0.574369
1350, 0.064134, -0.279050, -0.497165, 0.573720
1350, 0.063657, -0.276105, -0.496664, 0.571806
1350, 0.064105, -0.276016, -0.496916, 0.572032
1350, 0.065731, -0.279026, -0.497797, 0.574437
1350, 0.066578, -0.280108, -0.497862, 0.575117
1350, 0.065423, -0.281792, -0.497866, 0.575810
1350, 0.063938, -0.280081, -0.497210, 0.574239
1350, 0.062489, -0.276296, -0.496551, 0.571671
1350, 0.064505, -0.277011, -0.496880, 0.572526
1350, 0.066091, -0.279328, -0.497148, 0.574063
1350, 0.066638, -0.281036, -0.497931, 0.575636
1350, 0.065341, -0.280987, -0.497850, 0.575394
1350, 0.063220, -0.279194, -0.497081, 0.573616
1350, 0.062669, -0.277525, -0.496756, 0.572463
1350, 0.064393, -0.277580, -0.497197, 0.573064
1350, 0.064350, -0.278687, -0.497123, 0.573531
1350, 0.063174, -0.278623, -0.496827, 0.573114
1350, 0.062859, -0.276268, -0.496327, 0.571503
1350, 0.061712, -0.275580, -0.496374, 0.571086
1350, 0.062875, -0.274866, -0.496199, 0.570717
1350, 0.064039, -0.274415, -0.496353, 0.570764
1350, 0.064492, -0.275064, -0.496627, 0.571365
1350, 0.065289, -0.278058, -0.497139, 0.573347
1350, 0.063442, -0.276962, -0.496762, 0.572281
1350, 0.063952, -0.276488, -0.496641, 0.572003
1350, 0.065872, -0.278291, -0.496831, 0.573259
1350, 0.066818, -0.279172, -0.497401, 0.574290
1350, 0.065449, -0.280170, -0.497447, 0.574659
1375, 0.063745, -0.276949, -0.497242, 0.572725
1375, 0.063109, -0.277561, -0.497474, 0.573152
1375, 0.062444, -0.276708, -0.497283, 0.572501
1375, 0.061849, -0.276023, -0.497234, 0.572062
1375, 0.062155, -0.276560, -0.497141, 0.572274
1375, 0.062952, -0.275723, -0.497144, 0.571960
1375, 0.063625, -0.276809, -0.497249, 0.572650
1375, 0.062853, -0.277161, -0.497335, 0.572809
1375, 0.062691, -0.276768, -0.497311, 0.572581
1375, 0.062894, -0.277161, -0.497560, 0.573009
1375, 0.063184, -0.276788, -0.497072, 0.572437
1375, 0.063274, -0.277022, -0.497127, 0.572608
1375, 0.063054, -0.277329, -0.497481, 0.573040
1375, 0.062856, -0.276612, -0.497203, 0.572429
1375, 0.063031, -0.276298, -0.496902, 0.572036
1375, 0.063416, -0.275620, -0.497145, 0.571963
1375, 0.063627, -0.275625, -0.496904, 0.571779
1375, 0.063730, -0.276414, -0.496857, 0.572131
1375, 0.063325, -0.276829, -0.496836, 0.572268
1375, 0.063212, -0.276745, -0.497119, 0.572460
1375, 0.062856, -0.276074, -0.496978, 0.571975
1375, 0.062319, -0.275412, -0.497238, 0.571823
1375, 0.063210, -0.275726, -0.497137, 0.571984
1375, 0.063586, -0.276601, -0.496965, 0.572298
1375, 0.063602, -0.276710, -0.496807, 0.572215
1375, 0.063253, -0.276172, -0.496281, 0.571460
1375, 0.063033, -0.276346, -0.496441, 0.571659
1375, 0.062736, -0.276037, -0.496766, 0.571759
1375, 0.063344, -0.277078, -0.496874, 0.572424
1375, 0.062846, -0.277367, -0.496973, 0.572595
1375, 0.062197, -0.276363, -0.496511, 0.571636
1375, 0.062226, -0.276274, -0.496646, 0.571714
1375, 0.063119, -0.276455, -0.496651, 0.571904
1375, 0.063488, -0.276133, -0.496823, 0.571938
1375, 0.063415, -0.276906, -0.497150, 0.572587
1375, 0.062924, -0.277303, -0.497085, 0.572670
1375, 0.062700, -0.276844, -0.496967, 0.572320
1375, 0.062870, -0.276553, -0.497034, 0.572256
1375, 0.062443, -0.275250, -0.496969, 0.571524
1375, 0.062831, -0.276104, -0.496799, 0.571831
1400, 0.061809, -0.276560, -0.497111, 0.572211
1400, 0.061989, -0.275232, -0.496584, 0.571131
1400, 0.061903, -0.275746, -0.496847, 0.571598
1400, 0.062578, -0.276706, -0.497011, 0.572278
1400, 0.062697, -0.275672, -0.496976, 0.571762
1400, 0.061915, -0.276281, -0.496893, 0.571898
1400, 0.062437, -0.276750, -0.496488, 0.571830
1400, 0.062456, -0.275464, -0.496201, 0.570961
1400, 0.062699, -0.276785, -0.496542, 0.571922
1400, 0.062825, -0.276095, -0.496858, 0.571877
1400, 0.062014, -0.274936, -0.496925, 0.571288
1400, 0.061285, -0.275907, -0.497220, 0.571934
1400, 0.061837, -0.276530, -0.497370, 0.572424
1400, 0.062206, -0.275625, -0.497151, 0.571838
1400, 0.062022, -0.275569, -0.497092, 0.571739
1400, 0.062167, -0.276578, -0.497497, 0.572593
1400, 0.062622, -0.276080, -0.497192, 0.572138
1400, 0.061606, -0.275589, -0.497012, 0.571634
1400, 0.061536, -0.276618, -0.497080, 0.572183
1400, 0.062516, -0.276411, -0.497257, 0.572342
1400, 0.061899, -0.275096, -0.497015, 0.571431
1400, 0.061849, -0.276867, -0.497429, 0.572639
1400, 0.062508, -0.277446, -0.497513, 0.573064
1400, 0.061967, -0.275420, -0.497062, 0.571635
1400, 0.061693, -0.275945, -0.497150, 0.571935
1400, 0.062215, -0.277120, -0.497372, 0.572752
1400, 0.062301, -0.276103, -0.497178, 0.572101
1400, 0.061883, -0.276394, -0.497013, 0.572053
1400, 0.062184, -0.277812, -0.497413, 0.573119
1400, 0.062634, -0.276720, -0.497050, 0.572325
1400, 0.061590, -0.275853, -0.496510, 0.571323
1400, 0.061905, -0.276840, -0.496556, 0.571875
1400, 0.062193, -0.276381, -0.496374, 0.571525
1400, 0.061310, -0.275404, -0.496455, 0.571029
1400, 0.061724, -0.276579, -0.496755, 0.571902
1400, 0.062353, -0.276897, -0.496499, 0.571901
1400, 0.061790, -0.275780, -0.496341, 0.571163
1400, 0.061803, -0.276703, -0.496519, 0.571765
1400, 0.062430, -0.276051, -0.496758, 0.571726
1400, 0.061847, -0.275282, -0.496228, 0.570831
1425, 0.062235, -0.276321, -0.497145, 0.572171
1425, 0.062117, -0.276811, -0.497188, 0.572432
1425, 0.061703, -0.276384, -0.497114, 0.572117
1425, 0.061315, -0.275610, -0.497064, 0.571658
1425, 0.061211, -0.274880, -0.496739, 0.571013
1425, 0.061093, -0.274352, -0.496447, 0.570491
1425, 0.061756, -0.274627, -0.496488, 0.570731
1425, 0.062067, -0.275414, -0.496722, 0.571348
1425, 0.061767, -0.276456, -0.496597, 0.571709
1425, 0.061650, -0.276664, -0.496773, 0.571950
1425, 0.061163, -0.276610, -0.496784, 0.571881
1425, 0.060635, -0.275640, -0.496982, 0.571529
1425, 0.060611, -0.274610, -0.497018, 0.571061
1425, 0.061132, -0.274364, -0.496914, 0.570909
1425, 0.061716, -0.274875, -0.496851, 0.571162
1425, 0.061879, -0.275095, -0.497066, 0.571472
1425, 0.061383, -0.275923, -0.496955, 0.571722
1425, 0.061346, -0.276490, -0.496934, 0.571973
1425, 0.061116, -0.275585, -0.496721, 0.571326
1425, 0.060840, -0.275105, -0.496281, 0.570683
1425, 0.060674, -0.274615, -0.496363, 0.570501
1425, 0.061234, -0.274885, -0.496523, 0.570830
1425, 0.061860, -0.275113, -0.496355, 0.570861
1425, 0.062132, -0.275876, -0.496903, 0.571735
1425, 0.061902, -0.276593, -0.496976, 0.572119
1425, 0.061859, -0.276308, -0.496916, 0.571925
1425, 0.061236, -0.275371, -0.496943, 0.571429
1425, 0.060964, -0.274694, -0.496555, 0.570737
1425, 0.061300, -0.274955, -0.496328, 0.570701
1425, 0.062024, -0.275019, -0.496319, 0.570802
1425, 0.062500, -0.276088, -0.496470, 0.571501
1425, 0.062248, -0.275580, -0.496328, 0.571105
1425, 0.062181, -0.276153, -0.496726, 0.571720
1425, 0.061436, -0.276210, -0.496725, 0.571666
1425, 0.061225, -0.276121, -0.496874, 0.571730
1425, 0.061067, -0.275203, -0.496986, 0.571367
1425, 0.061275, -0.274527, -0.496739, 0.570850
1425, 0.061176, -0.275031, -0.496609, 0.570969
1425, 0.062203, -0.275313, -0.496672, 0.571270
1425, 0.062731, -0.275850, -0.496804, 0.571701
1450, 0.060688, -0.276943, -0.496666, 0.571889
1450, 0.060862, -0.274084, -0.496021, 0.569967
1450, 0.061351, -0.276877, -0.496473, 0.571761
1450, 0.060835, -0.273671, -0.496209, 0.569929
1450, 0.061286, -0.276587, -0.496800, 0.571897
1450, 0.060218, -0.274217, -0.496382, 0.570277
1450, 0.061366, -0.276567, -0.496955, 0.572031
1450, 0.060243, -0.274203, -0.496158, 0.570078
1450, 0.061512, -0.276418, -0.496547, 0.571620
1450, 0.059998, -0.274389, -0.496277, 0.570246
1450, 0.061303, -0.276537, -0.496372, 0.571503
1450, 0.059819, -0.275023, -0.496016, 0.570305
1450, 0.061678, -0.276404, -0.496648, 0.571719
1450, 0.060017, -0.275466, -0.496242, 0.570736
1450, 0.062218, -0.276183, -0.496504, 0.571546
1450, 0.060152, -0.275547, -0.496432, 0.570955
1450, 0.062220, -0.275761, -0.496682, 0.571497
1450, 0.060517, -0.276482, -0.496478, 0.571485
1450, 0.061848, -0.275571, -0.496688, 0.571370
1450, 0.060488, -0.276492, -0.496803, 0.571769
1450, 0.061084, -0.274446, -0.496744, 0.570794
1450, 0.060880, -0.276463, -0.496903, 0.571884
1450, 0.061132, -0.274539, -0.496467, 0.570603
1450, 0.061103, -0.276934, -0.496523, 0.571805
1450, 0.060964, -0.273965, -0.496093, 0.569984
1450, 0.061276, -0.276860, -0.496511, 0.571777
1450, 0.060874, -0.274256, -0.496091, 0.570113
1450, 0.061071, -0.277087, -0.496833, 0.572145
1450, 0.060211, -0.274523, -0.496430, 0.570466
1450, 0.060921, -0.277168, -0.496433, 0.571821
1450, 0.060063, -0.274332, -0.496133, 0.570099
1450, 0.061521, -0.277338, -0.496404, 0.571942
1450, 0.060599, -0.274585, -0.495949, 0.570118
1450, 0.061929, -0.276913, -0.496532, 0.571892
1450, 0.060460, -0.274761, -0.496147, 0.570360
1450, 0.062092, -0.276665, -0.496459, 0.571726
1450, 0.060169, -0.275393, -0.496011, 0.570516
1450, 0.061866, -0.276280, -0.496540, 0.571586
1450, 0.060234, -0.275840, -0.496180, 0.570886
1450, 0.062023, -0.276112, -0.496583, 0.571559
1475, 0.083113, -0.268300, -0.497047, 0.570919
1475, 0.083128, -0.268309, -0.496803, 0.570713
1475, 0.083521, -0.268458, -0.496846, 0.570878
1475, 0.083297, -0.268050, -0.496643, 0.570477
1475, 0.083317, -0.268071, -0.496626, 0.570474
1475, 0.083191, -0.268346, -0.496647, 0.570603
1475, 0.083113, -0.268537, -0.496644, 0.570679
1475, 0.083029, -0.268378, -0.496487, 0.570456
1475, 0.083100, -0.268200, -0.496615, 0.570493
1475, 0.083054, -0.268447, -0.496430, 0.570442
1475, 0.083113, -0.268493, -0.496593, 0.570615
1475, 0.082783, -0.268687, -0.496641, 0.570700
1475, 0.082555, -0.268411, -0.496591, 0.570493
1475, 0.082733, -0.268386, -0.496749, 0.570644
1475, 0.082945, -0.268348, -0.496729, 0.570641
1475, 0.083352, -0.268342, -0.496910, 0.570855
1475, 0.083307, -0.268281, -0.497011, 0.570907
1475, 0.082918, -0.268352, -0.497097, 0.570958
1475, 0.082964, -0.268171, -0.496766, 0.570591
1475, 0.083170, -0.268162, -0.496667, 0.570532
1475, 0.083237, -0.268333, -0.496556, 0.570526
1475, 0.083209, -0.268307, -0.496810, 0.570730
1475, 0.083416, -0.268155, -0.496635, 0.570536
1475, 0.083159, -0.268181, -0.496506, 0.570398
1475, 0.083390, -0.267948, -0.496585, 0.570392
1475, 0.083298, -0.268225, -0.496776, 0.570674
1475, 0.083461, -0.268184, -0.496841, 0.570735
1475, 0.083498, -0.267866, -0.496792, 0.570549
1475, 0.083652, -0.267928, -0.496833, 0.570636
1475, 0.083716, -0.267910, -0.496697, 0.570520
1475, 0.083356, -0.268291, -0.496820, 0.570752
1475, 0.083295, -0.268285, -0.496954, 0.570858
1475, 0.083660, -0.268274, -0.497009, 0.570953
1475, 0.083701, -0.268197, -0.496917, 0.570843
1475, 0.083557, -0.268216, -0.496513, 0.570480
1475, 0.083249, -0.268182, -0.496390, 0.570312
1475, 0.083428, -0.267953, -0.496451, 0.570283
1475, 0.083504, -0.267719, -0.496666, 0.570371
1475, 0.083372, -0.268023, -0.496552, 0.570396
1475, 0.083588, -0.268291, -0.496345, 0.570373
1500, 0.083243, -0.268207, -0.496955, 0.570814
1500, 0.083329, -0.268179, -0.496934, 0.570795
1500, 0.082959, -0.268003, -0.496671, 0.570429
1500, 0.082883, -0.268316, -0.496608, 0.570511
1500, 0.082775, -0.268290, -0.496517, 0.570404
1500, 0.082745, -0.268365, -0.496676, 0.570573
1500, 0.082815, -0.268390, -0.496494, 0.570436
1500, 0.082821, -0.268429, -0.496468, 0.570433
1500, 0.082873, -0.268350, -0.496493, 0.570426
1500, 0.083029, -0.268529, -0.496634, 0.570655
1500, 0.082840, -0.268313, -0.496933, 0.570786
1500, 0.082733, -0.268375, -0.496922, 0.570790
1500, 0.083094, -0.268343, -0.496844, 0.570760
1500, 0.083016, -0.268259, -0.496826, 0.570693
1500, 0.083066, -0.268512, -0.496657, 0.570673
1500, 0.082886, -0.268504, -0.496635, 0.570623
1500, 0.083119, -0.268382, -0.496946, 0.570870
1500, 0.083043, -0.268619, -0.496678, 0.570737
1500, 0.083223, -0.268517, -0.496202, 0.570302
1500, 0.082962, -0.268364, -0.496449, 0.570406
1500, 0.083018, -0.268240, -0.496662, 0.570541
1500, 0.083035, -0.268502, -0.496604, 0.570617
1500, 0.082957, -0.268334, -0.496702, 0.570612
1500, 0.083145, -0.268290, -0.497225, 0.571074
1500, 0.082969, -0.268167, -0.497154, 0.570929
1500, 0.082870, -0.268190, -0.496990, 0.570782
1500, 0.082889, -0.268435, -0.496914, 0.570834
1500, 0.083044, -0.268460, -0.497067, 0.571001
1500, 0.083397, -0.268379, -0.497116, 0.571057
1500, 0.083104, -0.268677, -0.497116, 0.571155
1500, 0.083237, -0.268447, -0.496829, 0.570816
1500, 0.083109, -0.268171, -0.496764, 0.570611
1500, 0.083390, -0.268270, -0.496679, 0.570624
1500, 0.083391, -0.268294, -0.496977, 0.570896
1500, 0.083314, -0.268290, -0.497263, 0.571131
1500, 0.083286, -0.268038, -0.497257, 0.571004
1500, 0.083277, -0.268072, -0.497434, 0.571173
1500, 0.083115, -0.268148, -0.497021, 0.570825
1500, 0.082993, -0.268368, -0.497143, 0.571017
1500, 0.082766, -0.268221, -0.496806, 0.570621
